Time,header.seq,header.stamp.secs,header.stamp.nsecs,header.frame_id,state.edges,state.suggested.u,state.suggested.v,state.terminal,state.submit_suggested,action.agent_name,action.type,action.edge.u,action.edge.v,next_state.edges,next_state.suggested.u,next_state.suggested.v,next_state.terminal,next_state.submit_suggested,action_no,step_no,turn_agent
1623235816.7813785,1,1623235816,780530691,indiv-illustrate,[],-1,-1,False,False,human,1,1,9,"[u: 1
v: 9]",-1,-1,False,False,0,1,human
1623235852.8577187,2,1623235852,857585191,indiv-illustrate,"[u: 1
v: 9]",-1,-1,False,False,human,8,-1,-1,[],-1,-1,False,False,1,2,human
1623235874.9114933,3,1623235874,910818099,indiv-illustrate,[],-1,-1,False,False,human,1,1,9,"[u: 1
v: 9]",-1,-1,False,False,2,3,human
1623235876.4606771,4,1623235876,459989547,indiv-illustrate,"[u: 1
v: 9]",-1,-1,False,False,human,3,-1,-1,"[u: 1
v: 9]",-1,-1,True,False,3,4,human
1623235914.7071888,5,1623235914,706212759,pretest-1,[],-1,-1,False,False,human,1,6,4,"[u: 6
v: 4]",-1,-1,False,False,0,0,human
1623235918.4008307,6,1623235918,400007486,pretest-1,"[u: 6
v: 4]",-1,-1,False,False,human,1,5,4,"[u: 5
v: 4, u: 6
v: 4]",-1,-1,False,False,1,0,human
1623235921.1933963,7,1623235921,192320108,pretest-1,"[u: 5
v: 4, u: 6
v: 4]",-1,-1,False,False,human,1,5,6,"[u: 5
v: 4, u: 5
v: 6, u: 6
v: 4]",-1,-1,False,False,2,0,human
1623235923.972156,8,1623235923,971454858,pretest-1,"[u: 5
v: 4, u: 5
v: 6, u: 6
v: 4]",-1,-1,False,False,human,1,7,6,"[u: 5
v: 4, u: 7
v: 6, u: 6
v: 4, u: 5
v: 6]",-1,-1,False,False,3,0,human
1623235929.8656604,9,1623235929,864659786,pretest-1,"[u: 5
v: 4, u: 7
v: 6, u: 6
v: 4, u: 5
v: 6]",-1,-1,False,False,human,1,7,5,"[u: 7
v: 6, u: 5
v: 6, u: 7
v: 5, u: 5
v: 4, u: 6
v: 4]",-1,-1,False,False,4,0,human
1623235936.6677399,10,1623235936,667554378,pretest-1,"[u: 7
v: 6, u: 5
v: 6, u: 7
v: 5, u: 5
v: 4, u: 6
v: 4]",-1,-1,False,False,human,1,0,7,"[u: 0
v: 7, u: 7
v: 6, u: 5
v: 6, u: 7
v: 5, u: 5
v: 4, u: 6
v: 4]",-1,-1,False,False,5,0,human
1623235940.6708362,11,1623235940,670496702,pretest-1,"[u: 0
v: 7, u: 7
v: 6, u: 5
v: 6, u: 7
v: 5, u: 5
v: 4, u: 6
v: 4]",-1,-1,False,False,human,1,7,3,"[u: 0
v: 7, u: 7
v: 6, u: 5
v: 6, u: 7
v: 5, u: 5
v: 4, u: 6
v: 4, u: 7
v: 3]",-1,-1,False,False,6,0,human
1623235943.9879124,12,1623235943,986912488,pretest-1,"[u: 0
v: 7, u: 7
v: 6, u: 5
v: 6, u: 7
v: 5, u: 5
v: 4, u: 6
v: 4, u: 7
v: 3]",-1,-1,False,False,human,1,3,1,"[u: 0
v: 7, u: 7
v: 6, u: 5
v: 6, u: 7
v: 5, u: 3
v: 1, u: 5
v: 4, u: 6
v: 4, u: 7
v: 3]",-1,-1,False,False,7,0,human
1623235960.001825,13,1623235960,1076698,pretest-1,"[u: 0
v: 7, u: 7
v: 6, u: 5
v: 6, u: 7
v: 5, u: 3
v: 1, u: 5
v: 4, u: 6
v: 4, u: 7
v: 3]",-1,-1,False,False,human,8,-1,-1,[],-1,-1,False,False,8,0,human
1623235965.5051692,14,1623235965,504976034,pretest-1,[],-1,-1,False,False,human,1,6,7,"[u: 6
v: 7]",-1,-1,False,False,9,0,human
1623235969.2577076,15,1623235969,256723642,pretest-1,"[u: 6
v: 7]",-1,-1,False,False,human,1,7,5,"[u: 6
v: 7, u: 7
v: 5]",-1,-1,False,False,10,0,human
1623235972.5587072,16,1623235972,557775020,pretest-1,"[u: 6
v: 7, u: 7
v: 5]",-1,-1,False,False,human,1,5,4,"[u: 6
v: 7, u: 7
v: 5, u: 5
v: 4]",-1,-1,False,False,11,0,human
1623235976.6003628,17,1623235976,599059104,pretest-1,"[u: 6
v: 7, u: 7
v: 5, u: 5
v: 4]",-1,-1,False,False,human,1,4,6,"[u: 4
v: 6, u: 6
v: 7, u: 7
v: 5, u: 5
v: 4]",-1,-1,False,False,12,0,human
1623235991.1863647,18,1623235991,185532331,pretest-1,"[u: 4
v: 6, u: 6
v: 7, u: 7
v: 5, u: 5
v: 4]",-1,-1,False,False,human,1,3,1,"[u: 6
v: 7, u: 3
v: 1, u: 7
v: 5, u: 4
v: 6, u: 5
v: 4]",-1,-1,False,False,13,0,human
1623235991.2150874,19,1623235991,214927673,pretest-1,"[u: 6
v: 7, u: 3
v: 1, u: 7
v: 5, u: 4
v: 6, u: 5
v: 4]",-1,-1,False,False,human,1,3,1,"[u: 3
v: 1, u: 5
v: 4, u: 4
v: 6, u: 6
v: 7, u: 7
v: 5]",-1,-1,False,False,14,0,human
1623235996.4810867,20,1623235996,480943679,pretest-1,"[u: 3
v: 1, u: 5
v: 4, u: 4
v: 6, u: 6
v: 7, u: 7
v: 5]",-1,-1,False,False,human,1,1,4,"[u: 6
v: 7, u: 7
v: 5, u: 3
v: 1, u: 5
v: 4, u: 4
v: 6, u: 1
v: 4]",-1,-1,False,False,15,0,human
1623235996.5197184,21,1623235996,518796443,pretest-1,"[u: 6
v: 7, u: 7
v: 5, u: 3
v: 1, u: 5
v: 4, u: 4
v: 6, u: 1
v: 4]",-1,-1,False,False,human,1,1,4,"[u: 3
v: 1, u: 5
v: 4, u: 4
v: 6, u: 1
v: 4, u: 6
v: 7, u: 7
v: 5]",-1,-1,False,False,16,0,human
1623236006.5380104,22,1623236006,537017583,pretest-1,"[u: 3
v: 1, u: 5
v: 4, u: 4
v: 6, u: 1
v: 4, u: 6
v: 7, u: 7
v: 5]",-1,-1,False,False,human,1,3,0,"[u: 6
v: 7, u: 7
v: 5, u: 3
v: 1, u: 5
v: 4, u: 4
v: 6, u: 1
v: 4, u: 3
v: 0]",-1,-1,False,False,17,0,human
1623236012.7091267,23,1623236012,708157539,pretest-1,"[u: 6
v: 7, u: 7
v: 5, u: 3
v: 1, u: 5
v: 4, u: 4
v: 6, u: 1
v: 4, u: 3
v: 0]",-1,-1,False,False,human,4,-1,-1,"[u: 3
v: 1, u: 5
v: 4, u: 4
v: 6, u: 1
v: 4, u: 3
v: 0, u: 6
v: 7, u: 7
v: 5]",-1,-1,False,True,18,0,human
1623236019.6848962,24,1623236019,683950424,pretest-1,"[u: 3
v: 1, u: 5
v: 4, u: 4
v: 6, u: 1
v: 4, u: 3
v: 0, u: 6
v: 7, u: 7
v: 5]",-1,-1,False,True,human,4,-1,-1,"[u: 3
v: 1, u: 5
v: 4, u: 4
v: 6, u: 1
v: 4, u: 3
v: 0, u: 6
v: 7, u: 7
v: 5]",-1,-1,True,True,19,0,human
1623236042.974287,25,1623236042,973367214,pretest-2,[],-1,-1,False,False,human,1,4,6,"[u: 4
v: 6]",-1,-1,False,False,0,0,human
1623236046.6961403,26,1623236046,695194721,pretest-2,"[u: 4
v: 6]",-1,-1,False,False,human,1,4,5,"[u: 4
v: 5, u: 4
v: 6]",-1,-1,False,False,1,0,human
1623236051.4566293,27,1623236051,455480098,pretest-2,"[u: 4
v: 5, u: 4
v: 6]",-1,-1,False,False,human,1,6,7,"[u: 6
v: 7, u: 4
v: 5, u: 4
v: 6]",-1,-1,False,False,2,0,human
1623236057.7464278,28,1623236057,744898557,pretest-2,"[u: 6
v: 7, u: 4
v: 5, u: 4
v: 6]",-1,-1,False,False,human,1,4,1,"[u: 6
v: 7, u: 4
v: 5, u: 4
v: 6, u: 4
v: 1]",-1,-1,False,False,3,0,human
1623236062.3640099,29,1623236062,362974882,pretest-2,"[u: 6
v: 7, u: 4
v: 5, u: 4
v: 6, u: 4
v: 1]",-1,-1,False,False,human,1,1,3,"[u: 6
v: 7, u: 4
v: 5, u: 1
v: 3, u: 4
v: 6, u: 4
v: 1]",-1,-1,False,False,4,0,human
1623236065.4109836,30,1623236065,410215616,pretest-2,"[u: 6
v: 7, u: 4
v: 5, u: 1
v: 3, u: 4
v: 6, u: 4
v: 1]",-1,-1,False,False,human,1,3,0,"[u: 6
v: 7, u: 4
v: 5, u: 1
v: 3, u: 4
v: 6, u: 4
v: 1, u: 3
v: 0]",-1,-1,False,False,5,0,human
1623236072.4696362,31,1623236072,468360424,pretest-2,"[u: 6
v: 7, u: 4
v: 5, u: 1
v: 3, u: 4
v: 6, u: 4
v: 1, u: 3
v: 0]",-1,-1,False,False,human,4,-1,-1,"[u: 4
v: 1, u: 4
v: 6, u: 3
v: 0, u: 6
v: 7, u: 4
v: 5, u: 1
v: 3]",-1,-1,False,True,6,0,human
1623236074.6254091,32,1623236074,624259471,pretest-2,"[u: 4
v: 1, u: 4
v: 6, u: 3
v: 0, u: 6
v: 7, u: 4
v: 5, u: 1
v: 3]",-1,-1,False,True,human,4,-1,-1,"[u: 1
v: 3, u: 4
v: 6, u: 3
v: 0, u: 6
v: 7, u: 4
v: 5, u: 4
v: 1]",-1,-1,True,True,7,0,human
1623236097.9052138,33,1623236097,904448032,pretest-3,[],-1,-1,False,False,human,1,5,4,"[u: 5
v: 4]",-1,-1,False,False,0,0,human
1623236116.5393336,34,1623236116,538534879,pretest-3,"[u: 5
v: 4]",-1,-1,False,False,human,1,5,7,"[u: 5
v: 4, u: 5
v: 7]",-1,-1,False,False,1,0,human
1623236116.5752733,35,1623236116,574330329,pretest-3,"[u: 5
v: 4, u: 5
v: 7]",-1,-1,False,False,human,1,7,5,"[u: 5
v: 4, u: 5
v: 7]",-1,-1,False,False,2,0,human
1623236116.632985,36,1623236116,632822513,pretest-3,"[u: 5
v: 4, u: 5
v: 7]",-1,-1,False,False,human,1,5,6,"[u: 5
v: 4, u: 5
v: 6, u: 5
v: 7]",-1,-1,False,False,3,0,human
1623236145.805415,37,1623236145,804719686,pretest-3,"[u: 5
v: 4, u: 5
v: 6, u: 5
v: 7]",-1,-1,False,False,human,4,-1,-1,"[u: 5
v: 4, u: 5
v: 6, u: 5
v: 7]",-1,-1,False,True,4,0,human
1623236147.8992097,38,1623236147,898944616,pretest-3,"[u: 5
v: 4, u: 5
v: 6, u: 5
v: 7]",-1,-1,False,True,human,4,-1,-1,"[u: 5
v: 4, u: 5
v: 6, u: 5
v: 7]",-1,-1,True,True,5,0,human
1623236171.688546,39,1623236171,687653064,pretest-4,[],-1,-1,False,False,human,1,5,4,"[u: 5
v: 4]",-1,-1,False,False,0,0,human
1623236177.3041494,40,1623236177,303165674,pretest-4,"[u: 5
v: 4]",-1,-1,False,False,human,1,4,6,"[u: 5
v: 4, u: 4
v: 6]",-1,-1,False,False,1,0,human
1623236186.0133033,41,1623236186,13083457,pretest-4,"[u: 5
v: 4, u: 4
v: 6]",-1,-1,False,False,human,4,-1,-1,"[u: 5
v: 4, u: 4
v: 6]",-1,-1,False,True,2,0,human
1623236187.6085026,42,1623236187,608166217,pretest-4,"[u: 5
v: 4, u: 4
v: 6]",-1,-1,False,True,human,4,-1,-1,"[u: 5
v: 4, u: 4
v: 6]",-1,-1,True,True,3,0,human
1623236208.5654073,43,1623236208,564282655,pretest-5,[],-1,-1,False,False,human,1,5,4,"[u: 5
v: 4]",-1,-1,False,False,0,0,human
1623236210.865068,44,1623236210,864161491,pretest-5,"[u: 5
v: 4]",-1,-1,False,False,human,1,4,6,"[u: 5
v: 4, u: 4
v: 6]",-1,-1,False,False,1,0,human
1623236215.0787272,45,1623236215,77780246,pretest-5,"[u: 5
v: 4, u: 4
v: 6]",-1,-1,False,False,human,1,7,6,"[u: 5
v: 4, u: 4
v: 6, u: 7
v: 6]",-1,-1,False,False,2,0,human
1623236220.2269037,46,1623236220,226775646,pretest-5,"[u: 5
v: 4, u: 4
v: 6, u: 7
v: 6]",-1,-1,False,False,human,4,-1,-1,"[u: 5
v: 4, u: 4
v: 6, u: 7
v: 6]",-1,-1,False,True,3,0,human
1623236223.4100962,47,1623236223,408568143,pretest-5,"[u: 5
v: 4, u: 4
v: 6, u: 7
v: 6]",-1,-1,False,True,human,4,-1,-1,"[u: 5
v: 4, u: 4
v: 6, u: 7
v: 6]",-1,-1,True,True,4,0,human
1623236282.3954728,48,1623236282,394792079,collab-activity,[],-1,-1,False,False,robot,0,0,3,[],0,3,False,False,0,1,human
1623236284.2496586,49,1623236284,249310731,collab-activity,[],0,3,False,False,human,6,-1,-1,"[u: 0
v: 3]",-1,-1,False,False,1,1,human
1623236306.404403,50,1623236306,403679847,collab-activity,"[u: 0
v: 3]",-1,-1,False,False,human,0,5,4,"[u: 0
v: 3]",5,4,False,False,2,1,robot
1623236322.1338675,51,1623236322,133131265,collab-activity,"[u: 0
v: 3]",5,4,False,False,robot,0,5,4,"[u: 5
v: 4, u: 0
v: 3]",-1,-1,False,False,3,1,robot
1623236331.1580238,52,1623236331,157841920,collab-activity,"[u: 5
v: 4, u: 0
v: 3]",-1,-1,False,False,robot,0,4,6,"[u: 5
v: 4, u: 0
v: 3]",4,6,False,False,4,1,human
1623236335.9120402,53,1623236335,911163330,collab-activity,"[u: 5
v: 4, u: 0
v: 3]",4,6,False,False,human,6,-1,-1,"[u: 4
v: 6, u: 5
v: 4, u: 0
v: 3]",-1,-1,False,False,5,1,human
1623236352.9058404,54,1623236352,904881477,collab-activity,"[u: 4
v: 6, u: 5
v: 4, u: 0
v: 3]",-1,-1,False,False,human,0,6,7,"[u: 5
v: 4, u: 4
v: 6, u: 0
v: 3]",6,7,False,False,6,1,robot
1623236368.4107924,55,1623236368,409356832,collab-activity,"[u: 5
v: 4, u: 4
v: 6, u: 0
v: 3]",6,7,False,False,robot,0,6,7,"[u: 6
v: 7, u: 5
v: 4, u: 4
v: 6, u: 0
v: 3]",-1,-1,False,False,7,1,robot
1623236377.8544145,56,1623236377,853517770,collab-activity,"[u: 6
v: 7, u: 5
v: 4, u: 4
v: 6, u: 0
v: 3]",-1,-1,False,False,robot,0,7,5,"[u: 6
v: 7, u: 5
v: 4, u: 4
v: 6, u: 0
v: 3]",7,5,False,False,8,1,human
1623236388.7327204,57,1623236388,731923103,collab-activity,"[u: 6
v: 7, u: 5
v: 4, u: 4
v: 6, u: 0
v: 3]",7,5,False,False,human,7,-1,-1,"[u: 6
v: 7, u: 5
v: 4, u: 4
v: 6, u: 0
v: 3]",-1,-1,False,False,9,1,human
1623236406.5406983,58,1623236406,539971113,collab-activity,"[u: 6
v: 7, u: 5
v: 4, u: 4
v: 6, u: 0
v: 3]",-1,-1,False,False,human,0,2,1,"[u: 6
v: 7, u: 5
v: 4, u: 4
v: 6, u: 0
v: 3]",2,1,False,False,10,1,robot
1623236422.0756216,59,1623236422,74681997,collab-activity,"[u: 6
v: 7, u: 5
v: 4, u: 4
v: 6, u: 0
v: 3]",2,1,False,False,robot,0,2,1,"[u: 6
v: 7, u: 2
v: 1, u: 0
v: 3, u: 5
v: 4, u: 4
v: 6]",-1,-1,False,False,11,1,robot
1623236430.685949,60,1623236430,685658693,collab-activity,"[u: 6
v: 7, u: 2
v: 1, u: 0
v: 3, u: 5
v: 4, u: 4
v: 6]",-1,-1,False,False,robot,0,1,3,"[u: 2
v: 1, u: 5
v: 4, u: 4
v: 6, u: 0
v: 3, u: 6
v: 7]",1,3,False,False,12,1,human
1623236433.6979687,61,1623236433,696958541,collab-activity,"[u: 2
v: 1, u: 5
v: 4, u: 4
v: 6, u: 0
v: 3, u: 6
v: 7]",1,3,False,False,human,6,-1,-1,"[u: 6
v: 7, u: 2
v: 1, u: 0
v: 3, u: 5
v: 4, u: 4
v: 6, u: 1
v: 3]",-1,-1,False,False,13,1,human
1623236459.8758912,62,1623236459,875213623,collab-activity,"[u: 6
v: 7, u: 2
v: 1, u: 0
v: 3, u: 5
v: 4, u: 4
v: 6, u: 1
v: 3]",-1,-1,False,False,human,0,8,9,"[u: 2
v: 1, u: 5
v: 4, u: 4
v: 6, u: 0
v: 3, u: 6
v: 7, u: 1
v: 3]",8,9,False,False,14,1,robot
1623236475.5302153,63,1623236475,529469728,collab-activity,"[u: 2
v: 1, u: 5
v: 4, u: 4
v: 6, u: 0
v: 3, u: 6
v: 7, u: 1
v: 3]",8,9,False,False,robot,0,8,9,"[u: 6
v: 7, u: 8
v: 9, u: 2
v: 1, u: 0
v: 3, u: 5
v: 4, u: 4
v: 6, u: 1
v: 3]",-1,-1,False,False,15,1,robot
1623236484.0524025,64,1623236484,52171707,collab-activity,"[u: 6
v: 7, u: 8
v: 9, u: 2
v: 1, u: 0
v: 3, u: 5
v: 4, u: 4
v: 6, u: 1
v: 3]",-1,-1,False,False,robot,0,9,1,"[u: 2
v: 1, u: 5
v: 4, u: 0
v: 3, u: 4
v: 6, u: 6
v: 7, u: 8
v: 9, u: 1
v: 3]",9,1,False,False,16,1,human
1623236500.275772,65,1623236500,274719238,collab-activity,"[u: 2
v: 1, u: 5
v: 4, u: 0
v: 3, u: 4
v: 6, u: 6
v: 7, u: 8
v: 9, u: 1
v: 3]",9,1,False,False,human,7,-1,-1,"[u: 2
v: 1, u: 5
v: 4, u: 4
v: 6, u: 0
v: 3, u: 6
v: 7, u: 8
v: 9, u: 1
v: 3]",-1,-1,False,False,17,1,human
1623236516.4372272,66,1623236516,436115980,collab-activity,"[u: 2
v: 1, u: 5
v: 4, u: 4
v: 6, u: 0
v: 3, u: 6
v: 7, u: 8
v: 9, u: 1
v: 3]",-1,-1,False,False,human,3,-1,-1,[],-1,-1,False,False,18,1,human
1623236541.1978126,67,1623236541,197070598,collab-activity,[],-1,-1,False,False,human,0,2,1,[],2,1,False,False,19,1,robot
1623236556.8270931,68,1623236556,826237440,collab-activity,[],2,1,False,False,robot,0,2,1,"[u: 2
v: 1]",-1,-1,False,False,20,1,robot
1623236564.6057117,69,1623236564,604841709,collab-activity,"[u: 2
v: 1]",-1,-1,False,False,robot,0,1,3,"[u: 2
v: 1]",1,3,False,False,21,1,human
1623236574.217959,70,1623236574,217746734,collab-activity,"[u: 2
v: 1]",1,3,False,False,human,7,-1,-1,"[u: 2
v: 1]",-1,-1,False,False,22,1,human
1623236585.39146,71,1623236585,390775203,collab-activity,"[u: 2
v: 1]",-1,-1,False,False,human,0,8,9,"[u: 2
v: 1]",8,9,False,False,23,1,robot
1623236600.4583738,72,1623236600,457573175,collab-activity,"[u: 2
v: 1]",8,9,False,False,robot,0,8,9,"[u: 8
v: 9, u: 2
v: 1]",-1,-1,False,False,24,1,robot
1623236608.8736446,73,1623236608,872748374,collab-activity,"[u: 8
v: 9, u: 2
v: 1]",-1,-1,False,False,robot,0,9,1,"[u: 8
v: 9, u: 2
v: 1]",9,1,False,False,25,1,human
1623236614.3751328,74,1623236614,374175548,collab-activity,"[u: 8
v: 9, u: 2
v: 1]",9,1,False,False,human,6,-1,-1,"[u: 9
v: 1, u: 8
v: 9, u: 2
v: 1]",-1,-1,False,False,26,1,human
1623236633.433505,75,1623236633,432870864,collab-activity,"[u: 9
v: 1, u: 8
v: 9, u: 2
v: 1]",-1,-1,False,False,human,0,5,4,"[u: 8
v: 9, u: 9
v: 1, u: 2
v: 1]",5,4,False,False,27,1,robot
1623236649.215943,76,1623236649,214995145,collab-activity,"[u: 8
v: 9, u: 9
v: 1, u: 2
v: 1]",5,4,False,False,robot,0,5,4,"[u: 9
v: 1, u: 5
v: 4, u: 8
v: 9, u: 2
v: 1]",-1,-1,False,False,28,1,robot
1623236658.0095158,77,1623236658,8707523,collab-activity,"[u: 9
v: 1, u: 5
v: 4, u: 8
v: 9, u: 2
v: 1]",-1,-1,False,False,robot,0,4,6,"[u: 8
v: 9, u: 5
v: 4, u: 9
v: 1, u: 2
v: 1]",4,6,False,False,29,1,human
1623236660.0779397,78,1623236660,77697038,collab-activity,"[u: 8
v: 9, u: 5
v: 4, u: 9
v: 1, u: 2
v: 1]",4,6,False,False,human,6,-1,-1,"[u: 4
v: 6, u: 8
v: 9, u: 2
v: 1, u: 5
v: 4, u: 9
v: 1]",-1,-1,False,False,30,1,human
1623236677.0416722,79,1623236677,40437936,collab-activity,"[u: 4
v: 6, u: 8
v: 9, u: 2
v: 1, u: 5
v: 4, u: 9
v: 1]",-1,-1,False,False,human,0,6,7,"[u: 2
v: 1, u: 5
v: 4, u: 4
v: 6, u: 8
v: 9, u: 9
v: 1]",6,7,False,False,31,1,robot
1623236692.7999167,80,1623236692,799305438,collab-activity,"[u: 2
v: 1, u: 5
v: 4, u: 4
v: 6, u: 8
v: 9, u: 9
v: 1]",6,7,False,False,robot,0,6,7,"[u: 6
v: 7, u: 8
v: 9, u: 2
v: 1, u: 9
v: 1, u: 5
v: 4, u: 4
v: 6]",-1,-1,False,False,32,1,robot
1623236701.2082624,81,1623236701,207584619,collab-activity,"[u: 6
v: 7, u: 8
v: 9, u: 2
v: 1, u: 9
v: 1, u: 5
v: 4, u: 4
v: 6]",-1,-1,False,False,robot,0,7,5,"[u: 2
v: 1, u: 5
v: 4, u: 4
v: 6, u: 6
v: 7, u: 8
v: 9, u: 9
v: 1]",7,5,False,False,33,1,human
1623236708.056126,82,1623236708,55077314,collab-activity,"[u: 2
v: 1, u: 5
v: 4, u: 4
v: 6, u: 6
v: 7, u: 8
v: 9, u: 9
v: 1]",7,5,False,False,human,7,-1,-1,"[u: 2
v: 1, u: 5
v: 4, u: 4
v: 6, u: 6
v: 7, u: 8
v: 9, u: 9
v: 1]",-1,-1,False,False,34,1,human
1623236720.7316768,83,1623236720,730391979,collab-activity,"[u: 2
v: 1, u: 5
v: 4, u: 4
v: 6, u: 6
v: 7, u: 8
v: 9, u: 9
v: 1]",-1,-1,False,False,human,0,1,4,"[u: 2
v: 1, u: 5
v: 4, u: 4
v: 6, u: 6
v: 7, u: 8
v: 9, u: 9
v: 1]",1,4,False,False,35,1,robot
1623236738.7017589,84,1623236738,700865983,collab-activity,"[u: 2
v: 1, u: 5
v: 4, u: 4
v: 6, u: 6
v: 7, u: 8
v: 9, u: 9
v: 1]",1,4,False,False,robot,0,1,3,"[u: 2
v: 1, u: 5
v: 4, u: 4
v: 6, u: 6
v: 7, u: 8
v: 9, u: 9
v: 1]",1,3,False,False,36,1,human
1623236743.8151395,85,1623236743,814842939,collab-activity,"[u: 2
v: 1, u: 5
v: 4, u: 4
v: 6, u: 6
v: 7, u: 8
v: 9, u: 9
v: 1]",1,3,False,False,human,6,-1,-1,"[u: 6
v: 7, u: 8
v: 9, u: 2
v: 1, u: 9
v: 1, u: 5
v: 4, u: 4
v: 6, u: 1
v: 3]",-1,-1,False,False,37,1,human
1623236764.6076312,86,1623236764,606611967,collab-activity,"[u: 6
v: 7, u: 8
v: 9, u: 2
v: 1, u: 9
v: 1, u: 5
v: 4, u: 4
v: 6, u: 1
v: 3]",-1,-1,False,False,human,0,3,0,"[u: 2
v: 1, u: 5
v: 4, u: 4
v: 6, u: 6
v: 7, u: 8
v: 9, u: 9
v: 1, u: 1
v: 3]",3,0,False,False,38,1,robot
1623236779.246461,87,1623236779,245385885,collab-activity,"[u: 2
v: 1, u: 5
v: 4, u: 4
v: 6, u: 6
v: 7, u: 8
v: 9, u: 9
v: 1, u: 1
v: 3]",3,0,False,False,robot,0,3,0,"[u: 6
v: 7, u: 8
v: 9, u: 2
v: 1, u: 9
v: 1, u: 5
v: 4, u: 4
v: 6, u: 1
v: 3, u: 3
v: 0]",-1,-1,False,False,39,1,robot
1623236788.2503703,88,1623236788,250142097,collab-activity,"[u: 6
v: 7, u: 8
v: 9, u: 2
v: 1, u: 9
v: 1, u: 5
v: 4, u: 4
v: 6, u: 1
v: 3, u: 3
v: 0]",-1,-1,False,False,robot,0,0,7,"[u: 2
v: 1, u: 5
v: 4, u: 4
v: 6, u: 3
v: 0, u: 6
v: 7, u: 8
v: 9, u: 9
v: 1, u: 1
v: 3]",0,7,False,False,40,1,human
1623236795.0659628,89,1623236795,64832687,collab-activity,"[u: 2
v: 1, u: 5
v: 4, u: 4
v: 6, u: 3
v: 0, u: 6
v: 7, u: 8
v: 9, u: 9
v: 1, u: 1
v: 3]",0,7,False,False,human,7,-1,-1,"[u: 2
v: 1, u: 5
v: 4, u: 4
v: 6, u: 3
v: 0, u: 6
v: 7, u: 8
v: 9, u: 9
v: 1, u: 1
v: 3]",-1,-1,False,False,41,1,human
1623236810.6818156,90,1623236810,681506872,collab-activity,"[u: 2
v: 1, u: 5
v: 4, u: 4
v: 6, u: 3
v: 0, u: 6
v: 7, u: 8
v: 9, u: 9
v: 1, u: 1
v: 3]",-1,-1,False,False,human,0,1,4,"[u: 2
v: 1, u: 5
v: 4, u: 4
v: 6, u: 3
v: 0, u: 6
v: 7, u: 8
v: 9, u: 9
v: 1, u: 1
v: 3]",1,4,False,False,42,1,robot
1623236825.7364674,91,1623236825,735516071,collab-activity,"[u: 2
v: 1, u: 5
v: 4, u: 4
v: 6, u: 3
v: 0, u: 6
v: 7, u: 8
v: 9, u: 9
v: 1, u: 1
v: 3]",1,4,False,False,robot,0,1,4,"[u: 2
v: 1, u: 5
v: 4, u: 4
v: 6, u: 1
v: 4, u: 3
v: 0, u: 6
v: 7, u: 8
v: 9, u: 9
v: 1, u: 1
v: 3]",-1,-1,False,False,43,1,robot
1623236833.9404314,92,1623236833,939701318,collab-activity,"[u: 2
v: 1, u: 5
v: 4, u: 4
v: 6, u: 1
v: 4, u: 3
v: 0, u: 6
v: 7, u: 8
v: 9, u: 9
v: 1, u: 1
v: 3]",-1,-1,False,False,robot,0,4,9,"[u: 2
v: 1, u: 5
v: 4, u: 4
v: 6, u: 1
v: 4, u: 3
v: 0, u: 6
v: 7, u: 8
v: 9, u: 9
v: 1, u: 1
v: 3]",4,9,False,False,44,1,human
1623236837.8869476,93,1623236837,886144399,collab-activity,"[u: 2
v: 1, u: 5
v: 4, u: 4
v: 6, u: 1
v: 4, u: 3
v: 0, u: 6
v: 7, u: 8
v: 9, u: 9
v: 1, u: 1
v: 3]",4,9,False,False,human,7,-1,-1,"[u: 2
v: 1, u: 5
v: 4, u: 4
v: 6, u: 1
v: 4, u: 3
v: 0, u: 6
v: 7, u: 8
v: 9, u: 9
v: 1, u: 1
v: 3]",-1,-1,False,False,45,1,human
1623236848.4649756,94,1623236848,464189767,collab-activity,"[u: 2
v: 1, u: 5
v: 4, u: 4
v: 6, u: 1
v: 4, u: 3
v: 0, u: 6
v: 7, u: 8
v: 9, u: 9
v: 1, u: 1
v: 3]",-1,-1,False,False,human,3,-1,-1,"[u: 2
v: 1, u: 5
v: 4, u: 4
v: 6, u: 1
v: 4, u: 3
v: 0, u: 6
v: 7, u: 8
v: 9, u: 9
v: 1, u: 1
v: 3]",-1,-1,True,False,46,1,human
1623236895.0669055,95,1623236895,66700220,collab-activity-2,[],-1,-1,False,False,robot,0,0,3,[],0,3,False,False,0,1,human
1623236900.622524,96,1623236900,622347593,collab-activity-2,[],0,3,False,False,human,6,-1,-1,"[u: 0
v: 3]",-1,-1,False,False,1,1,human
1623236911.2499082,97,1623236911,249230623,collab-activity-2,"[u: 0
v: 3]",-1,-1,False,False,human,8,-1,-1,[],-1,-1,False,False,2,1,human
1623236922.9749317,98,1623236922,973924160,collab-activity-2,[],-1,-1,False,False,human,0,6,7,[],6,7,False,False,3,1,robot
1623236940.8629274,99,1623236940,862000226,collab-activity-2,[],6,7,False,False,robot,0,6,4,[],6,4,False,False,4,1,human
1623236943.7277591,100,1623236943,726886987,collab-activity-2,[],6,4,False,False,human,6,-1,-1,"[u: 6
v: 4]",-1,-1,False,False,5,1,human
1623236964.823624,101,1623236964,822656154,collab-activity-2,"[u: 6
v: 4]",-1,-1,False,False,human,0,4,5,"[u: 6
v: 4]",4,5,False,False,6,1,robot
1623236979.9439921,102,1623236979,943326711,collab-activity-2,"[u: 6
v: 4]",4,5,False,False,robot,0,4,5,"[u: 4
v: 5, u: 6
v: 4]",-1,-1,False,False,7,1,robot
1623236989.3626435,103,1623236989,361729383,collab-activity-2,"[u: 4
v: 5, u: 6
v: 4]",-1,-1,False,False,robot,0,5,7,"[u: 4
v: 5, u: 6
v: 4]",5,7,False,False,8,1,human
1623236999.0008705,104,1623236999,705718,collab-activity-2,"[u: 4
v: 5, u: 6
v: 4]",5,7,False,False,human,7,-1,-1,"[u: 4
v: 5, u: 6
v: 4]",-1,-1,False,False,9,1,human
1623237018.1325004,105,1623237018,131819963,collab-activity-2,"[u: 4
v: 5, u: 6
v: 4]",-1,-1,False,False,human,0,1,2,"[u: 4
v: 5, u: 6
v: 4]",1,2,False,False,10,1,robot
1623237034.0230072,106,1623237034,22727966,collab-activity-2,"[u: 4
v: 5, u: 6
v: 4]",1,2,False,False,robot,0,1,2,"[u: 4
v: 5, u: 1
v: 2, u: 6
v: 4]",-1,-1,False,False,11,1,robot
1623237043.4705243,107,1623237043,469547986,collab-activity-2,"[u: 4
v: 5, u: 1
v: 2, u: 6
v: 4]",-1,-1,False,False,robot,0,2,3,"[u: 4
v: 5, u: 1
v: 2, u: 6
v: 4]",2,3,False,False,12,1,human
1623237048.2276013,108,1623237048,226516723,collab-activity-2,"[u: 4
v: 5, u: 1
v: 2, u: 6
v: 4]",2,3,False,False,human,7,-1,-1,"[u: 4
v: 5, u: 1
v: 2, u: 6
v: 4]",-1,-1,False,False,13,1,human
1623237059.1079686,109,1623237059,107662916,collab-activity-2,"[u: 4
v: 5, u: 1
v: 2, u: 6
v: 4]",-1,-1,False,False,human,0,9,8,"[u: 4
v: 5, u: 1
v: 2, u: 6
v: 4]",9,8,False,False,14,1,robot
1623237072.9424357,110,1623237072,941300392,collab-activity-2,"[u: 4
v: 5, u: 1
v: 2, u: 6
v: 4]",9,8,False,False,robot,0,9,8,"[u: 9
v: 8, u: 4
v: 5, u: 1
v: 2, u: 6
v: 4]",-1,-1,False,False,15,1,robot
1623237082.3638856,111,1623237082,362718105,collab-activity-2,"[u: 9
v: 8, u: 4
v: 5, u: 1
v: 2, u: 6
v: 4]",-1,-1,False,False,robot,0,8,2,"[u: 4
v: 5, u: 1
v: 2, u: 6
v: 4, u: 9
v: 8]",8,2,False,False,16,1,human
1623237087.4493935,112,1623237087,448741912,collab-activity-2,"[u: 4
v: 5, u: 1
v: 2, u: 6
v: 4, u: 9
v: 8]",8,2,False,False,human,6,-1,-1,"[u: 4
v: 5, u: 1
v: 2, u: 9
v: 8, u: 8
v: 2, u: 6
v: 4]",-1,-1,False,False,17,1,human
1623237106.0159278,113,1623237106,15041828,collab-activity-2,"[u: 4
v: 5, u: 1
v: 2, u: 9
v: 8, u: 8
v: 2, u: 6
v: 4]",-1,-1,False,False,human,0,6,7,"[u: 1
v: 2, u: 6
v: 4, u: 4
v: 5, u: 9
v: 8, u: 8
v: 2]",6,7,False,False,18,1,robot
1623237121.6635458,114,1623237121,662499904,collab-activity-2,"[u: 1
v: 2, u: 6
v: 4, u: 4
v: 5, u: 9
v: 8, u: 8
v: 2]",6,7,False,False,robot,0,6,7,"[u: 6
v: 7, u: 4
v: 5, u: 1
v: 2, u: 9
v: 8, u: 8
v: 2, u: 6
v: 4]",-1,-1,False,False,19,1,robot
1623237130.6758344,115,1623237130,674722671,collab-activity-2,"[u: 6
v: 7, u: 4
v: 5, u: 1
v: 2, u: 9
v: 8, u: 8
v: 2, u: 6
v: 4]",-1,-1,False,False,robot,0,7,5,"[u: 1
v: 2, u: 6
v: 4, u: 6
v: 7, u: 4
v: 5, u: 9
v: 8, u: 8
v: 2]",7,5,False,False,20,1,human
1623237135.2468538,116,1623237135,245918512,collab-activity-2,"[u: 1
v: 2, u: 6
v: 4, u: 6
v: 7, u: 4
v: 5, u: 9
v: 8, u: 8
v: 2]",7,5,False,False,human,7,-1,-1,"[u: 1
v: 2, u: 6
v: 4, u: 6
v: 7, u: 4
v: 5, u: 9
v: 8, u: 8
v: 2]",-1,-1,False,False,21,1,human
1623237149.8020725,117,1623237149,801036596,collab-activity-2,"[u: 1
v: 2, u: 6
v: 4, u: 6
v: 7, u: 4
v: 5, u: 9
v: 8, u: 8
v: 2]",-1,-1,False,False,human,3,-1,-1,[],-1,-1,False,False,22,1,human
1623237209.4324393,118,1623237209,431736230,collab-activity-2,[],-1,-1,False,False,human,0,9,8,[],9,8,False,False,23,1,robot
1623237222.880309,119,1623237222,880126714,collab-activity-2,[],9,8,False,False,robot,0,9,8,"[u: 9
v: 8]",-1,-1,False,False,24,1,robot
1623237232.4857638,120,1623237232,484838962,collab-activity-2,"[u: 9
v: 8]",-1,-1,False,False,robot,0,8,2,"[u: 9
v: 8]",8,2,False,False,25,1,human
1623237246.9813838,121,1623237246,981009244,collab-activity-2,"[u: 9
v: 8]",8,2,False,False,human,7,-1,-1,"[u: 9
v: 8]",-1,-1,False,False,26,1,human
1623237278.164944,122,1623237278,164129018,collab-activity-2,"[u: 9
v: 8]",-1,-1,False,False,human,0,1,2,"[u: 9
v: 8]",1,2,False,False,27,1,robot
1623237292.5193756,123,1623237292,518579721,collab-activity-2,"[u: 9
v: 8]",1,2,False,False,robot,0,1,2,"[u: 1
v: 2, u: 9
v: 8]",-1,-1,False,False,28,1,robot
1623237301.9466705,124,1623237301,946486234,collab-activity-2,"[u: 1
v: 2, u: 9
v: 8]",-1,-1,False,False,robot,0,2,3,"[u: 1
v: 2, u: 9
v: 8]",2,3,False,False,29,1,human
1623237309.1952312,125,1623237309,193941831,collab-activity-2,"[u: 1
v: 2, u: 9
v: 8]",2,3,False,False,human,7,-1,-1,"[u: 1
v: 2, u: 9
v: 8]",-1,-1,False,False,30,1,human
1623237327.5287006,126,1623237327,527264356,collab-activity-2,"[u: 1
v: 2, u: 9
v: 8]",-1,-1,False,False,human,0,9,2,"[u: 1
v: 2, u: 9
v: 8]",9,2,False,False,31,1,robot
1623237346.5529304,127,1623237346,551825046,collab-activity-2,"[u: 1
v: 2, u: 9
v: 8]",9,2,False,False,robot,0,9,1,"[u: 1
v: 2, u: 9
v: 8]",9,1,False,False,32,1,human
1623237353.8276339,128,1623237353,827259302,collab-activity-2,"[u: 1
v: 2, u: 9
v: 8]",9,1,False,False,human,6,-1,-1,"[u: 9
v: 1, u: 1
v: 2, u: 9
v: 8]",-1,-1,False,False,33,1,human
1623237371.3775136,129,1623237371,376357078,collab-activity-2,"[u: 9
v: 1, u: 1
v: 2, u: 9
v: 8]",-1,-1,False,False,human,0,1,4,"[u: 1
v: 2, u: 9
v: 1, u: 9
v: 8]",1,4,False,False,34,1,robot
1623237386.9031882,130,1623237386,902217149,collab-activity-2,"[u: 1
v: 2, u: 9
v: 1, u: 9
v: 8]",1,4,False,False,robot,0,1,4,"[u: 9
v: 1, u: 1
v: 2, u: 9
v: 8, u: 1
v: 4]",-1,-1,False,False,35,1,robot
1623237395.7038045,131,1623237395,703657388,collab-activity-2,"[u: 9
v: 1, u: 1
v: 2, u: 9
v: 8, u: 1
v: 4]",-1,-1,False,False,robot,0,4,5,"[u: 1
v: 2, u: 9
v: 1, u: 9
v: 8, u: 1
v: 4]",4,5,False,False,36,1,human
1623237421.124281,132,1623237421,123603820,collab-activity-2,"[u: 1
v: 2, u: 9
v: 1, u: 9
v: 8, u: 1
v: 4]",4,5,False,False,human,7,-1,-1,"[u: 9
v: 1, u: 1
v: 2, u: 9
v: 8, u: 1
v: 4]",-1,-1,False,False,37,1,human
1623237435.0675907,133,1623237435,67281961,collab-activity-2,"[u: 9
v: 1, u: 1
v: 2, u: 9
v: 8, u: 1
v: 4]",-1,-1,False,False,human,0,4,6,"[u: 1
v: 2, u: 9
v: 1, u: 9
v: 8, u: 1
v: 4]",4,6,False,False,38,1,robot
1623237454.0900116,134,1623237454,88980674,collab-activity-2,"[u: 1
v: 2, u: 9
v: 1, u: 9
v: 8, u: 1
v: 4]",4,6,False,False,robot,0,4,5,"[u: 9
v: 1, u: 1
v: 2, u: 9
v: 8, u: 1
v: 4]",4,5,False,False,39,1,human
1623237455.4506273,135,1623237455,449530839,collab-activity-2,"[u: 9
v: 1, u: 1
v: 2, u: 9
v: 8, u: 1
v: 4]",4,5,False,False,human,7,-1,-1,"[u: 1
v: 2, u: 9
v: 1, u: 9
v: 8, u: 1
v: 4]",-1,-1,False,False,40,1,human
1623237470.4021783,136,1623237470,401224136,collab-activity-2,"[u: 1
v: 2, u: 9
v: 1, u: 9
v: 8, u: 1
v: 4]",-1,-1,False,False,human,0,6,7,"[u: 9
v: 1, u: 1
v: 2, u: 9
v: 8, u: 1
v: 4]",6,7,False,False,41,1,robot
1623237487.8743327,137,1623237487,873411417,collab-activity-2,"[u: 9
v: 1, u: 1
v: 2, u: 9
v: 8, u: 1
v: 4]",6,7,False,False,robot,0,6,7,"[u: 6
v: 7, u: 1
v: 2, u: 9
v: 8, u: 9
v: 1, u: 1
v: 4]",-1,-1,False,False,42,1,robot
1623237497.1068485,138,1623237497,106711626,collab-activity-2,"[u: 6
v: 7, u: 1
v: 2, u: 9
v: 8, u: 9
v: 1, u: 1
v: 4]",-1,-1,False,False,robot,0,7,5,"[u: 1
v: 2, u: 1
v: 4, u: 6
v: 7, u: 9
v: 8, u: 9
v: 1]",7,5,False,False,43,1,human
1623237505.8162742,139,1623237505,815288543,collab-activity-2,"[u: 1
v: 2, u: 1
v: 4, u: 6
v: 7, u: 9
v: 8, u: 9
v: 1]",7,5,False,False,human,7,-1,-1,"[u: 1
v: 2, u: 1
v: 4, u: 6
v: 7, u: 9
v: 8, u: 9
v: 1]",-1,-1,False,False,44,1,human
1623237519.2557058,140,1623237519,254545211,collab-activity-2,"[u: 1
v: 2, u: 1
v: 4, u: 6
v: 7, u: 9
v: 8, u: 9
v: 1]",-1,-1,False,False,human,0,4,6,"[u: 1
v: 2, u: 1
v: 4, u: 6
v: 7, u: 9
v: 8, u: 9
v: 1]",4,6,False,False,45,1,robot
1623237533.7585385,141,1623237533,757371902,collab-activity-2,"[u: 1
v: 2, u: 1
v: 4, u: 6
v: 7, u: 9
v: 8, u: 9
v: 1]",4,6,False,False,robot,0,4,6,"[u: 4
v: 6, u: 6
v: 7, u: 1
v: 2, u: 9
v: 8, u: 9
v: 1, u: 1
v: 4]",-1,-1,False,False,46,1,robot
1623237542.533423,142,1623237542,532463550,collab-activity-2,"[u: 4
v: 6, u: 6
v: 7, u: 1
v: 2, u: 9
v: 8, u: 9
v: 1, u: 1
v: 4]",-1,-1,False,False,robot,0,6,5,"[u: 1
v: 2, u: 4
v: 6, u: 1
v: 4, u: 6
v: 7, u: 9
v: 8, u: 9
v: 1]",6,5,False,False,47,1,human
1623237545.2206976,143,1623237545,219686746,collab-activity-2,"[u: 1
v: 2, u: 4
v: 6, u: 1
v: 4, u: 6
v: 7, u: 9
v: 8, u: 9
v: 1]",6,5,False,False,human,7,-1,-1,"[u: 1
v: 2, u: 4
v: 6, u: 1
v: 4, u: 6
v: 7, u: 9
v: 8, u: 9
v: 1]",-1,-1,False,False,48,1,human
1623237556.5566764,144,1623237556,555722951,collab-activity-2,"[u: 1
v: 2, u: 4
v: 6, u: 1
v: 4, u: 6
v: 7, u: 9
v: 8, u: 9
v: 1]",-1,-1,False,False,human,3,-1,-1,[],-1,-1,False,False,49,1,human
1623237599.0095878,145,1623237599,8936882,collab-activity-2,[],-1,-1,False,False,human,0,4,5,[],4,5,False,False,50,1,robot
1623237614.2079196,146,1623237614,207104206,collab-activity-2,[],4,5,False,False,robot,0,4,5,"[u: 4
v: 5]",-1,-1,False,False,51,1,robot
1623237623.658829,147,1623237623,658055067,collab-activity-2,"[u: 4
v: 5]",-1,-1,False,False,robot,0,5,7,"[u: 4
v: 5]",5,7,False,False,52,1,human
1623237652.3228183,148,1623237652,321724891,collab-activity-2,"[u: 4
v: 5]",5,7,False,False,human,6,-1,-1,"[u: 4
v: 5, u: 5
v: 7]",-1,-1,False,False,53,1,human
1623237676.3689575,149,1623237676,368302822,collab-activity-2,"[u: 4
v: 5, u: 5
v: 7]",-1,-1,False,False,human,0,7,6,"[u: 4
v: 5, u: 5
v: 7]",7,6,False,False,54,1,robot
1623237691.267713,150,1623237691,267512798,collab-activity-2,"[u: 4
v: 5, u: 5
v: 7]",7,6,False,False,robot,0,7,6,"[u: 4
v: 5, u: 7
v: 6, u: 5
v: 7]",-1,-1,False,False,55,1,robot
1623237700.2014992,151,1623237700,200762033,collab-activity-2,"[u: 4
v: 5, u: 7
v: 6, u: 5
v: 7]",-1,-1,False,False,robot,0,6,4,"[u: 4
v: 5, u: 7
v: 6, u: 5
v: 7]",6,4,False,False,56,1,human
1623237721.027824,152,1623237721,26636362,collab-activity-2,"[u: 4
v: 5, u: 7
v: 6, u: 5
v: 7]",6,4,False,False,human,7,-1,-1,"[u: 4
v: 5, u: 7
v: 6, u: 5
v: 7]",-1,-1,False,False,57,1,human
1623237761.2255263,153,1623237761,225264072,collab-activity-2,"[u: 4
v: 5, u: 7
v: 6, u: 5
v: 7]",-1,-1,False,False,human,0,9,8,"[u: 4
v: 5, u: 7
v: 6, u: 5
v: 7]",9,8,False,False,58,1,robot
1623237774.5879943,154,1623237774,587274789,collab-activity-2,"[u: 4
v: 5, u: 7
v: 6, u: 5
v: 7]",9,8,False,False,robot,0,9,8,"[u: 4
v: 5, u: 7
v: 6, u: 9
v: 8, u: 5
v: 7]",-1,-1,False,False,59,1,robot
1623237782.9762518,155,1623237782,975369691,collab-activity-2,"[u: 4
v: 5, u: 7
v: 6, u: 9
v: 8, u: 5
v: 7]",-1,-1,False,False,robot,0,8,2,"[u: 4
v: 5, u: 7
v: 6, u: 9
v: 8, u: 5
v: 7]",8,2,False,False,60,1,human
1623237785.8419795,156,1623237785,841601133,collab-activity-2,"[u: 4
v: 5, u: 7
v: 6, u: 9
v: 8, u: 5
v: 7]",8,2,False,False,human,6,-1,-1,"[u: 4
v: 5, u: 7
v: 6, u: 9
v: 8, u: 8
v: 2, u: 5
v: 7]",-1,-1,False,False,61,1,human
1623237798.7201872,157,1623237798,719947814,collab-activity-2,"[u: 4
v: 5, u: 7
v: 6, u: 9
v: 8, u: 8
v: 2, u: 5
v: 7]",-1,-1,False,False,human,0,1,2,"[u: 5
v: 7, u: 4
v: 5, u: 7
v: 6, u: 9
v: 8, u: 8
v: 2]",1,2,False,False,62,1,robot
1623237813.6868641,158,1623237813,686684608,collab-activity-2,"[u: 5
v: 7, u: 4
v: 5, u: 7
v: 6, u: 9
v: 8, u: 8
v: 2]",1,2,False,False,robot,0,1,2,"[u: 4
v: 5, u: 7
v: 6, u: 1
v: 2, u: 9
v: 8, u: 8
v: 2, u: 5
v: 7]",-1,-1,False,False,63,1,robot
1623237822.9237983,159,1623237822,923556566,collab-activity-2,"[u: 4
v: 5, u: 7
v: 6, u: 1
v: 2, u: 9
v: 8, u: 8
v: 2, u: 5
v: 7]",-1,-1,False,False,robot,0,2,3,"[u: 1
v: 2, u: 5
v: 7, u: 4
v: 5, u: 7
v: 6, u: 9
v: 8, u: 8
v: 2]",2,3,False,False,64,1,human
1623237826.3871937,160,1623237826,386142492,collab-activity-2,"[u: 1
v: 2, u: 5
v: 7, u: 4
v: 5, u: 7
v: 6, u: 9
v: 8, u: 8
v: 2]",2,3,False,False,human,7,-1,-1,"[u: 1
v: 2, u: 5
v: 7, u: 4
v: 5, u: 7
v: 6, u: 9
v: 8, u: 8
v: 2]",-1,-1,False,False,65,1,human
1623237836.0677035,161,1623237836,66833972,collab-activity-2,"[u: 1
v: 2, u: 5
v: 7, u: 4
v: 5, u: 7
v: 6, u: 9
v: 8, u: 8
v: 2]",-1,-1,False,False,human,3,-1,-1,[],-1,-1,False,False,66,1,human
1623237859.3637145,162,1623237859,363028764,collab-activity-2,[],-1,-1,False,False,human,0,4,6,[],4,6,False,False,67,1,robot
1623237876.9875658,163,1623237876,987412214,collab-activity-2,[],4,6,False,False,robot,0,4,6,"[u: 4
v: 6]",-1,-1,False,False,68,1,robot
1623237885.2288213,164,1623237885,228656530,collab-activity-2,"[u: 4
v: 6]",-1,-1,False,False,robot,0,6,7,"[u: 4
v: 6]",6,7,False,False,69,1,human
1623237889.9448936,165,1623237889,943871021,collab-activity-2,"[u: 4
v: 6]",6,7,False,False,human,6,-1,-1,"[u: 6
v: 7, u: 4
v: 6]",-1,-1,False,False,70,1,human
1623237917.1207578,166,1623237917,119786500,collab-activity-2,"[u: 6
v: 7, u: 4
v: 6]",-1,-1,False,False,human,0,4,5,"[u: 6
v: 7, u: 4
v: 6]",4,5,False,False,71,1,robot
1623237930.6388874,167,1623237930,637982368,collab-activity-2,"[u: 6
v: 7, u: 4
v: 6]",4,5,False,False,robot,0,4,5,"[u: 6
v: 7, u: 4
v: 5, u: 4
v: 6]",-1,-1,False,False,72,1,robot
1623237938.6336262,168,1623237938,632616519,collab-activity-2,"[u: 6
v: 7, u: 4
v: 5, u: 4
v: 6]",-1,-1,False,False,robot,0,5,7,"[u: 6
v: 7, u: 4
v: 5, u: 4
v: 6]",5,7,False,False,73,1,human
1623237939.4792278,169,1623237939,479042053,collab-activity-2,"[u: 6
v: 7, u: 4
v: 5, u: 4
v: 6]",5,7,False,False,human,7,-1,-1,"[u: 6
v: 7, u: 4
v: 5, u: 4
v: 6]",-1,-1,False,False,74,1,human
1623237954.7755563,170,1623237954,774700641,collab-activity-2,"[u: 6
v: 7, u: 4
v: 5, u: 4
v: 6]",-1,-1,False,False,human,0,9,4,"[u: 6
v: 7, u: 4
v: 5, u: 4
v: 6]",9,4,False,False,75,1,robot
1623237973.8708365,171,1623237973,869965314,collab-activity-2,"[u: 6
v: 7, u: 4
v: 5, u: 4
v: 6]",9,4,False,False,robot,0,9,8,"[u: 6
v: 7, u: 4
v: 5, u: 4
v: 6]",9,8,False,False,76,1,human
1623237976.3337426,172,1623237976,333486080,collab-activity-2,"[u: 6
v: 7, u: 4
v: 5, u: 4
v: 6]",9,8,False,False,human,6,-1,-1,"[u: 6
v: 7, u: 4
v: 5, u: 4
v: 6, u: 9
v: 8]",-1,-1,False,False,77,1,human
1623237988.398324,173,1623237988,397457122,collab-activity-2,"[u: 6
v: 7, u: 4
v: 5, u: 4
v: 6, u: 9
v: 8]",-1,-1,False,False,human,0,9,4,"[u: 6
v: 7, u: 4
v: 5, u: 4
v: 6, u: 9
v: 8]",9,4,False,False,78,1,robot
1623238005.8142345,174,1623238005,813389062,collab-activity-2,"[u: 6
v: 7, u: 4
v: 5, u: 4
v: 6, u: 9
v: 8]",9,4,False,False,robot,0,9,4,"[u: 6
v: 7, u: 4
v: 5, u: 9
v: 8, u: 4
v: 6, u: 9
v: 4]",-1,-1,False,False,79,1,robot
1623238013.920534,175,1623238013,919383525,collab-activity-2,"[u: 6
v: 7, u: 4
v: 5, u: 9
v: 8, u: 4
v: 6, u: 9
v: 4]",-1,-1,False,False,robot,0,4,1,"[u: 4
v: 6, u: 6
v: 7, u: 4
v: 5, u: 9
v: 8, u: 9
v: 4]",4,1,False,False,80,1,human
1623238019.905583,176,1623238019,904644966,collab-activity-2,"[u: 4
v: 6, u: 6
v: 7, u: 4
v: 5, u: 9
v: 8, u: 9
v: 4]",4,1,False,False,human,6,-1,-1,"[u: 6
v: 7, u: 4
v: 5, u: 9
v: 8, u: 4
v: 6, u: 4
v: 1, u: 9
v: 4]",-1,-1,False,False,81,1,human
1623238034.8040361,177,1623238034,802952289,collab-activity-2,"[u: 6
v: 7, u: 4
v: 5, u: 9
v: 8, u: 4
v: 6, u: 4
v: 1, u: 9
v: 4]",-1,-1,False,False,human,0,1,2,"[u: 4
v: 6, u: 6
v: 7, u: 4
v: 5, u: 9
v: 8, u: 4
v: 1, u: 9
v: 4]",1,2,False,False,82,1,robot
1623238051.0658782,178,1623238051,64708948,collab-activity-2,"[u: 4
v: 6, u: 6
v: 7, u: 4
v: 5, u: 9
v: 8, u: 4
v: 1, u: 9
v: 4]",1,2,False,False,robot,0,1,2,"[u: 6
v: 7, u: 4
v: 5, u: 1
v: 2, u: 9
v: 8, u: 4
v: 6, u: 4
v: 1, u: 9
v: 4]",-1,-1,False,False,83,1,robot
1623238060.4826112,179,1623238060,481646537,collab-activity-2,"[u: 6
v: 7, u: 4
v: 5, u: 1
v: 2, u: 9
v: 8, u: 4
v: 6, u: 4
v: 1, u: 9
v: 4]",-1,-1,False,False,robot,0,2,3,"[u: 1
v: 2, u: 4
v: 6, u: 6
v: 7, u: 4
v: 5, u: 9
v: 8, u: 4
v: 1, u: 9
v: 4]",2,3,False,False,84,1,human
1623238061.8081958,180,1623238061,807923316,collab-activity-2,"[u: 1
v: 2, u: 4
v: 6, u: 6
v: 7, u: 4
v: 5, u: 9
v: 8, u: 4
v: 1, u: 9
v: 4]",2,3,False,False,human,7,-1,-1,"[u: 1
v: 2, u: 4
v: 6, u: 6
v: 7, u: 4
v: 5, u: 9
v: 8, u: 4
v: 1, u: 9
v: 4]",-1,-1,False,False,85,1,human
1623238074.0718088,181,1623238074,71497440,collab-activity-2,"[u: 1
v: 2, u: 4
v: 6, u: 6
v: 7, u: 4
v: 5, u: 9
v: 8, u: 4
v: 1, u: 9
v: 4]",-1,-1,False,False,human,3,-1,-1,[],-1,-1,False,False,86,1,human
1623238127.8909106,182,1623238127,890114307,posttest-1,[],-1,-1,False,False,human,1,7,6,"[u: 7
v: 6]",-1,-1,False,False,0,0,human
1623238131.0450995,183,1623238131,43772459,posttest-1,"[u: 7
v: 6]",-1,-1,False,False,human,1,6,4,"[u: 7
v: 6, u: 6
v: 4]",-1,-1,False,False,1,0,human
1623238133.6882715,184,1623238133,687370538,posttest-1,"[u: 7
v: 6, u: 6
v: 4]",-1,-1,False,False,human,1,4,5,"[u: 4
v: 5, u: 7
v: 6, u: 6
v: 4]",-1,-1,False,False,2,0,human
1623238137.6639338,185,1623238137,662935018,posttest-1,"[u: 4
v: 5, u: 7
v: 6, u: 6
v: 4]",-1,-1,False,False,human,4,-1,-1,"[u: 4
v: 5, u: 7
v: 6, u: 6
v: 4]",-1,-1,False,True,3,0,human
1623238139.774325,186,1623238139,774072170,posttest-1,"[u: 4
v: 5, u: 7
v: 6, u: 6
v: 4]",-1,-1,False,True,human,4,-1,-1,"[u: 4
v: 5, u: 7
v: 6, u: 6
v: 4]",-1,-1,True,True,4,0,human
1623238151.6409876,187,1623238151,640724897,posttest-2,[],-1,-1,False,False,human,1,4,6,"[u: 4
v: 6]",-1,-1,False,False,0,0,human
1623238156.557527,188,1623238156,556807756,posttest-2,"[u: 4
v: 6]",-1,-1,False,False,human,4,-1,-1,"[u: 4
v: 6]",-1,-1,False,True,1,0,human
1623238159.381389,189,1623238159,380606174,posttest-2,"[u: 4
v: 6]",-1,-1,False,True,human,4,-1,-1,"[u: 4
v: 6]",-1,-1,True,True,2,0,human
1623238183.2260935,190,1623238183,225020170,posttest-3,[],-1,-1,False,False,human,1,6,7,"[u: 6
v: 7]",-1,-1,False,False,0,0,human
1623238185.9707475,191,1623238185,970519542,posttest-3,"[u: 6
v: 7]",-1,-1,False,False,human,1,4,6,"[u: 6
v: 7, u: 4
v: 6]",-1,-1,False,False,1,0,human
1623238187.8391168,192,1623238187,838090658,posttest-3,"[u: 6
v: 7, u: 4
v: 6]",-1,-1,False,False,human,4,-1,-1,"[u: 6
v: 7, u: 4
v: 6]",-1,-1,False,True,2,0,human
1623238189.9981432,193,1623238189,997909784,posttest-3,"[u: 6
v: 7, u: 4
v: 6]",-1,-1,False,True,human,4,-1,-1,"[u: 6
v: 7, u: 4
v: 6]",-1,-1,True,True,3,0,human
1623238197.76967,194,1623238197,768993854,posttest-4,[],-1,-1,False,False,human,1,1,3,"[u: 1
v: 3]",-1,-1,False,False,0,0,human
1623238198.5629501,195,1623238198,561579704,posttest-4,"[u: 1
v: 3]",-1,-1,False,False,human,4,-1,-1,"[u: 1
v: 3]",-1,-1,False,True,1,0,human
1623238200.462628,196,1623238200,461676836,posttest-4,"[u: 1
v: 3]",-1,-1,False,True,human,4,-1,-1,"[u: 1
v: 3]",-1,-1,True,True,2,0,human
1623238209.8299696,197,1623238209,828829765,posttest-5,[],-1,-1,False,False,human,1,7,6,"[u: 7
v: 6]",-1,-1,False,False,0,0,human
1623238211.4699368,198,1623238211,469326496,posttest-5,"[u: 7
v: 6]",-1,-1,False,False,human,1,6,4,"[u: 7
v: 6, u: 6
v: 4]",-1,-1,False,False,1,0,human
1623238213.311121,199,1623238213,310367345,posttest-5,"[u: 7
v: 6, u: 6
v: 4]",-1,-1,False,False,human,1,4,5,"[u: 4
v: 5, u: 7
v: 6, u: 6
v: 4]",-1,-1,False,False,2,0,human
1623238214.3984509,200,1623238214,398258686,posttest-5,"[u: 4
v: 5, u: 7
v: 6, u: 6
v: 4]",-1,-1,False,False,human,4,-1,-1,"[u: 4
v: 5, u: 7
v: 6, u: 6
v: 4]",-1,-1,False,True,3,0,human
1623238216.149111,201,1623238216,148949623,posttest-5,"[u: 4
v: 5, u: 7
v: 6, u: 6
v: 4]",-1,-1,False,True,human,4,-1,-1,"[u: 4
v: 5, u: 7
v: 6, u: 6
v: 4]",-1,-1,True,True,4,0,human
