Time,header.seq,header.frame_id,name,state
0.0,1,indiv-illustrate,erase,enabled
31.46469211578369,2,indiv-illustrate,submit,enabled
40.568278074264526,3,indiv-illustrate,submit,selected
79.16867542266846,4,pretest-1,submit,enabled
103.53801989555359,5,pretest-1,yes,enabled
251.62346410751343,6,pretest-2,erase,enabled
316.09791803359985,7,pretest-2,submit,enabled
318.3613631725311,8,pretest-2,yes,enabled
435.09499645233154,9,pretest-3,submit,enabled
445.9451150894165,10,pretest-3,yes,enabled
550.7201571464539,11,pretest-4,erase,enabled
629.7738304138184,12,pretest-4,submit,enabled
632.5722298622131,13,pretest-4,yes,enabled
689.5492050647736,14,pretest-5,submit,enabled
692.2978460788727,15,pretest-5,yes,enabled
1704.3107159137726,1,collab-activity,submit,enabled
1705.096342086792,2,collab-activity,submit,enabled
1706.0014200210571,3,collab-activity,submit,enabled
1709.6519002914429,4,collab-activity,submit,enabled
1716.8547353744507,5,collab-activity,submit,enabled
2042.871443271637,6,collab-activity-2,submit,enabled
2043.2718839645386,7,collab-activity-2,submit,enabled
2043.585283279419,8,collab-activity-2,submit,enabled
2043.8750145435333,9,collab-activity-2,submit,enabled
2047.396362543106,10,collab-activity-2,submit,enabled
2536.400902748108,11,collab-activity-2,submit,enabled
2626.7381732463837,12,posttest-1,submit,enabled
2628.833263158798,13,posttest-1,yes,enabled
2677.847530603409,14,posttest-2,submit,enabled
2679.5740501880646,15,posttest-2,yes,enabled
2716.3680827617645,16,posttest-3,submit,enabled
2718.102067232132,17,posttest-3,yes,enabled
2749.440968990326,18,posttest-4,submit,enabled
2749.7990398406982,19,posttest-4,submit,selected
2751.1808955669403,20,posttest-4,yes,enabled
2784.540374994278,21,posttest-5,submit,enabled
2786.90007686615,22,posttest-5,yes,enabled
